Metric,ML Strategy,Buy & Hold
Total Return,0.3448499110120917,0.31831351264398555
Annual Return,0.10556191017889294,0.09812428579286303
Annual Volatility,0.1671055219644862,0.17534766450442169
